-- MySQL dump 10.11
--
-- Host: localhost    Database: iswhen_rails
-- ------------------------------------------------------
-- Server version	5.0.51a-3ubuntu5.5

/*!40101 SET @OLD_CHARACTER_SET_CLIENT=@@CHARACTER_SET_CLIENT */;
/*!40101 SET @OLD_CHARACTER_SET_RESULTS=@@CHARACTER_SET_RESULTS */;
/*!40101 SET @OLD_COLLATION_CONNECTION=@@COLLATION_CONNECTION */;
/*!40101 SET NAMES utf8 */;
/*!40103 SET @OLD_TIME_ZONE=@@TIME_ZONE */;
/*!40103 SET TIME_ZONE='+00:00' */;
/*!40014 SET @OLD_UNIQUE_CHECKS=@@UNIQUE_CHECKS, UNIQUE_CHECKS=0 */;
/*!40014 SET @OLD_FOREIGN_KEY_CHECKS=@@FOREIGN_KEY_CHECKS, FOREIGN_KEY_CHECKS=0 */;
/*!40101 SET @OLD_SQL_MODE=@@SQL_MODE, SQL_MODE='NO_AUTO_VALUE_ON_ZERO' */;
/*!40111 SET @OLD_SQL_NOTES=@@SQL_NOTES, SQL_NOTES=0 */;

--
-- Table structure for table `events`
--

DROP TABLE IF EXISTS `events`;
SET @saved_cs_client     = @@character_set_client;
SET character_set_client = utf8;
CREATE TABLE `events` (
  `id` int(11) NOT NULL auto_increment,
  `name` varchar(255) default NULL,
  `shortname` varchar(255) default NULL,
  `longname` varchar(255) default NULL,
  `starts_sundown` tinyint(1) default NULL,
  PRIMARY KEY  (`id`)
) ENGINE=MyISAM AUTO_INCREMENT=45 DEFAULT CHARSET=utf8;
SET character_set_client = @saved_cs_client;

--
-- Dumping data for table `events`
--

LOCK TABLES `events` WRITE;
/*!40000 ALTER TABLE `events` DISABLE KEYS */;
INSERT INTO `events` VALUES (1,'Autumnal Equinox','autumnalequinox','Autumnal Equinox (First Day of Fall)',NULL);
INSERT INTO `events` VALUES (2,'Can. Thanksgiving','canadianthanksgiving','Canadian Thanksgiving',NULL);
INSERT INTO `events` VALUES (3,'Chinese New Year','chinesenewyear','Chinese New Year',NULL);
INSERT INTO `events` VALUES (4,'Christmas','christmas','Christmas',NULL);
INSERT INTO `events` VALUES (5,'Columbus Day','columbusday','Columbus Day',NULL);
INSERT INTO `events` VALUES (6,'DST End','dstend','End of Daylight Saving Time',NULL);
INSERT INTO `events` VALUES (7,'DST Start','dststart','Start of Daylight Saving Time',NULL);
INSERT INTO `events` VALUES (8,'Easter','easter','Easter',NULL);
INSERT INTO `events` VALUES (9,'US Election Day','electionday','US Election Day',NULL);
INSERT INTO `events` VALUES (10,'Father’s Day','fathersday','Father’s Day',NULL);
INSERT INTO `events` VALUES (11,'Fourth of July','fourthofjuly','Fourth of July',NULL);
INSERT INTO `events` VALUES (13,'Grandparents Day','grandparentsday','Grandparents Day',NULL);
INSERT INTO `events` VALUES (14,'Groundhog Day','groundhogday','Groundhog Day',NULL);
INSERT INTO `events` VALUES (15,'Halloween','halloween','Halloween',NULL);
INSERT INTO `events` VALUES (16,'Hanukkah','hanukkah','Hanukkah',1);
INSERT INTO `events` VALUES (17,'Labor Day','laborday','Labor Day',NULL);
INSERT INTO `events` VALUES (18,'Mardi Gras','mardigras','Mardi Gras',NULL);
INSERT INTO `events` VALUES (19,'Memorial Day','memorialday','Memorial Day',NULL);
INSERT INTO `events` VALUES (20,'MLK Jr. Day','mlkday','Martin Luthor King, Jr Day',NULL);
INSERT INTO `events` VALUES (21,'Mother’s Day','mothersday','Mother’s Day',NULL);
INSERT INTO `events` VALUES (22,'New Year’s Day','newyears','New Year’s Day',NULL);
INSERT INTO `events` VALUES (24,'Pentecost','pentecost','Pentecost (Western)',NULL);
INSERT INTO `events` VALUES (25,'Presidents’ Day','presidentsday','Presidents’ Day',NULL);
INSERT INTO `events` VALUES (26,'Ramadan','ramadan','Ramadan',NULL);
INSERT INTO `events` VALUES (27,'Rosh Hashanah','roshhashanah','Rosh Hashanah',1);
INSERT INTO `events` VALUES (28,'Solar Eclipse','solareclipse','Solar Eclipse',NULL);
INSERT INTO `events` VALUES (29,'St. Patrick’s Day','stpatricksday','Saint Patrick’s Day',NULL);
INSERT INTO `events` VALUES (30,'Summer Solstice','summersolstice','Summer Solstice (First Day of Summer)',NULL);
INSERT INTO `events` VALUES (31,'Super Bowl','superbowl','Super Bowl',NULL);
INSERT INTO `events` VALUES (32,'Thanksgiving','thanksgiving','Thanksgiving',NULL);
INSERT INTO `events` VALUES (33,'Valentine’s Day','valentinesday','Valentine’s Day',NULL);
INSERT INTO `events` VALUES (34,'Vernal Equinox','vernalequinox','Vernal Equinox (First Day of Spring)',NULL);
INSERT INTO `events` VALUES (35,'Veterans Day','veteransday','Veterans Day',NULL);
INSERT INTO `events` VALUES (36,'Winter Solstice','wintersolstice','Winter Solstice (First Day of Winter)',NULL);
INSERT INTO `events` VALUES (37,'Yom Kippur','yomkippur','Yom Kippur',1);
INSERT INTO `events` VALUES (38,'Earth Day','earthday','Earth Day',NULL);
INSERT INTO `events` VALUES (39,'April Fools’ Day','aprilfools','April Fools’ Day',NULL);
INSERT INTO `events` VALUES (40,'Flag Day','flagday','US Flag Day',NULL);
INSERT INTO `events` VALUES (41,'Leap Year','leapyear','Leap Year Day',NULL);
INSERT INTO `events` VALUES (42,'Constitution Day','constitutionday','Constitution Day',NULL);
INSERT INTO `events` VALUES (43,'Lunar Eclipse','lunareclipse','Lunar Eclipse',NULL);
/*!40000 ALTER TABLE `events` ENABLE KEYS */;
UNLOCK TABLES;

--
-- Table structure for table `observances`
--

DROP TABLE IF EXISTS `observances`;
SET @saved_cs_client     = @@character_set_client;
SET character_set_client = utf8;
CREATE TABLE `observances` (
  `id` int(11) NOT NULL auto_increment,
  `event_id` int(11) default NULL,
  `start` datetime default NULL,
  `end` datetime default NULL,
  PRIMARY KEY  (`id`)
) ENGINE=MyISAM AUTO_INCREMENT=532 DEFAULT CHARSET=utf8;
SET character_set_client = @saved_cs_client;

--
-- Dumping data for table `observances`
--

LOCK TABLES `observances` WRITE;
/*!40000 ALTER TABLE `observances` DISABLE KEYS */;
INSERT INTO `observances` VALUES (1,1,'2010-09-23 05:00:00',NULL);
INSERT INTO `observances` VALUES (2,1,'2011-09-23 05:00:00',NULL);
INSERT INTO `observances` VALUES (3,1,'2012-09-22 05:00:00',NULL);
INSERT INTO `observances` VALUES (4,1,'2013-09-22 05:00:00',NULL);
INSERT INTO `observances` VALUES (5,1,'2014-09-23 05:00:00',NULL);
INSERT INTO `observances` VALUES (6,1,'2015-09-23 05:00:00',NULL);
INSERT INTO `observances` VALUES (7,1,'2016-09-22 05:00:00',NULL);
INSERT INTO `observances` VALUES (8,1,'2017-09-22 05:00:00',NULL);
INSERT INTO `observances` VALUES (9,2,'2009-10-12 05:00:00',NULL);
INSERT INTO `observances` VALUES (10,2,'2010-10-11 05:00:00',NULL);
INSERT INTO `observances` VALUES (11,2,'2011-10-10 05:00:00',NULL);
INSERT INTO `observances` VALUES (12,2,'2012-10-08 05:00:00',NULL);
INSERT INTO `observances` VALUES (13,2,'2013-10-14 05:00:00',NULL);
INSERT INTO `observances` VALUES (14,2,'2014-10-13 05:00:00',NULL);
INSERT INTO `observances` VALUES (15,2,'2015-10-12 05:00:00',NULL);
INSERT INTO `observances` VALUES (16,2,'2016-10-10 05:00:00',NULL);
INSERT INTO `observances` VALUES (17,2,'2017-10-09 05:00:00',NULL);
INSERT INTO `observances` VALUES (18,2,'2018-10-08 05:00:00',NULL);
INSERT INTO `observances` VALUES (19,3,'2010-02-14 06:00:00',NULL);
INSERT INTO `observances` VALUES (20,3,'2011-02-03 06:00:00',NULL);
INSERT INTO `observances` VALUES (21,3,'2012-01-23 06:00:00',NULL);
INSERT INTO `observances` VALUES (22,3,'2013-02-10 06:00:00',NULL);
INSERT INTO `observances` VALUES (23,3,'2014-01-31 06:00:00',NULL);
INSERT INTO `observances` VALUES (24,3,'2015-02-19 06:00:00',NULL);
INSERT INTO `observances` VALUES (25,3,'2016-02-08 06:00:00',NULL);
INSERT INTO `observances` VALUES (26,3,'2017-01-28 06:00:00',NULL);
INSERT INTO `observances` VALUES (27,3,'2018-02-16 06:00:00',NULL);
INSERT INTO `observances` VALUES (28,3,'2019-02-05 06:00:00',NULL);
INSERT INTO `observances` VALUES (29,4,'2009-12-25 06:00:00',NULL);
INSERT INTO `observances` VALUES (30,4,'2010-12-25 06:00:00',NULL);
INSERT INTO `observances` VALUES (31,4,'2011-12-25 06:00:00',NULL);
INSERT INTO `observances` VALUES (32,4,'2012-12-25 06:00:00',NULL);
INSERT INTO `observances` VALUES (33,4,'2013-12-25 06:00:00',NULL);
INSERT INTO `observances` VALUES (34,4,'2014-12-25 06:00:00',NULL);
INSERT INTO `observances` VALUES (35,4,'2015-12-25 06:00:00',NULL);
INSERT INTO `observances` VALUES (36,4,'2016-12-25 06:00:00',NULL);
INSERT INTO `observances` VALUES (37,4,'2017-12-25 06:00:00',NULL);
INSERT INTO `observances` VALUES (38,4,'2018-12-25 06:00:00',NULL);
INSERT INTO `observances` VALUES (39,5,'2009-10-12 05:00:00',NULL);
INSERT INTO `observances` VALUES (40,5,'2010-10-11 05:00:00',NULL);
INSERT INTO `observances` VALUES (41,5,'2011-10-10 05:00:00',NULL);
INSERT INTO `observances` VALUES (42,5,'2012-10-08 05:00:00',NULL);
INSERT INTO `observances` VALUES (43,5,'2013-10-14 05:00:00',NULL);
INSERT INTO `observances` VALUES (44,5,'2014-10-13 05:00:00',NULL);
INSERT INTO `observances` VALUES (45,5,'2015-10-12 05:00:00',NULL);
INSERT INTO `observances` VALUES (46,5,'2016-10-10 05:00:00',NULL);
INSERT INTO `observances` VALUES (47,5,'2017-10-09 05:00:00',NULL);
INSERT INTO `observances` VALUES (48,5,'2018-10-08 05:00:00',NULL);
INSERT INTO `observances` VALUES (49,5,'2019-10-14 05:00:00',NULL);
INSERT INTO `observances` VALUES (50,6,'2009-11-01 05:00:00',NULL);
INSERT INTO `observances` VALUES (51,6,'2010-11-07 05:00:00',NULL);
INSERT INTO `observances` VALUES (52,6,'2011-11-06 05:00:00',NULL);
INSERT INTO `observances` VALUES (53,6,'2012-11-04 05:00:00',NULL);
INSERT INTO `observances` VALUES (54,6,'2013-11-03 05:00:00',NULL);
INSERT INTO `observances` VALUES (55,6,'2014-11-02 05:00:00',NULL);
INSERT INTO `observances` VALUES (56,6,'2015-11-01 05:00:00',NULL);
INSERT INTO `observances` VALUES (57,6,'2016-11-06 05:00:00',NULL);
INSERT INTO `observances` VALUES (58,6,'2017-11-05 05:00:00',NULL);
INSERT INTO `observances` VALUES (59,6,'2018-11-04 05:00:00',NULL);
INSERT INTO `observances` VALUES (60,6,'2019-11-03 05:00:00',NULL);
INSERT INTO `observances` VALUES (61,7,'2010-03-14 06:00:00',NULL);
INSERT INTO `observances` VALUES (62,7,'2011-03-13 06:00:00',NULL);
INSERT INTO `observances` VALUES (63,7,'2012-03-11 06:00:00',NULL);
INSERT INTO `observances` VALUES (64,7,'2013-03-10 06:00:00',NULL);
INSERT INTO `observances` VALUES (65,7,'2014-03-09 06:00:00',NULL);
INSERT INTO `observances` VALUES (66,7,'2015-03-08 06:00:00',NULL);
INSERT INTO `observances` VALUES (67,7,'2016-03-13 06:00:00',NULL);
INSERT INTO `observances` VALUES (68,7,'2017-03-12 06:00:00',NULL);
INSERT INTO `observances` VALUES (69,7,'2018-03-08 06:00:00',NULL);
INSERT INTO `observances` VALUES (70,7,'2019-03-10 06:00:00',NULL);
INSERT INTO `observances` VALUES (71,8,'2009-04-12 05:00:00',NULL);
INSERT INTO `observances` VALUES (72,8,'2010-04-04 05:00:00',NULL);
INSERT INTO `observances` VALUES (73,8,'2011-04-24 05:00:00',NULL);
INSERT INTO `observances` VALUES (74,8,'2012-04-08 05:00:00',NULL);
INSERT INTO `observances` VALUES (75,8,'2013-03-31 05:00:00',NULL);
INSERT INTO `observances` VALUES (76,8,'2014-04-20 05:00:00',NULL);
INSERT INTO `observances` VALUES (77,8,'2015-04-05 05:00:00',NULL);
INSERT INTO `observances` VALUES (78,8,'2016-03-27 05:00:00',NULL);
INSERT INTO `observances` VALUES (79,8,'2017-04-16 05:00:00',NULL);
INSERT INTO `observances` VALUES (80,8,'2018-04-01 05:00:00',NULL);
INSERT INTO `observances` VALUES (81,9,'2008-11-04 06:00:00',NULL);
INSERT INTO `observances` VALUES (82,9,'2010-11-02 05:00:00',NULL);
INSERT INTO `observances` VALUES (83,9,'2012-11-06 06:00:00',NULL);
INSERT INTO `observances` VALUES (84,9,'2014-11-04 06:00:00',NULL);
INSERT INTO `observances` VALUES (85,9,'2016-11-08 06:00:00',NULL);
INSERT INTO `observances` VALUES (86,9,'2018-11-06 06:00:00',NULL);
INSERT INTO `observances` VALUES (87,10,'2009-06-21 05:00:00',NULL);
INSERT INTO `observances` VALUES (88,10,'2010-06-20 05:00:00',NULL);
INSERT INTO `observances` VALUES (89,10,'2011-06-19 05:00:00',NULL);
INSERT INTO `observances` VALUES (90,10,'2012-06-17 05:00:00',NULL);
INSERT INTO `observances` VALUES (91,10,'2013-06-16 05:00:00',NULL);
INSERT INTO `observances` VALUES (92,10,'2014-06-15 05:00:00',NULL);
INSERT INTO `observances` VALUES (93,10,'2015-06-21 05:00:00',NULL);
INSERT INTO `observances` VALUES (94,10,'2016-06-19 05:00:00',NULL);
INSERT INTO `observances` VALUES (95,10,'2017-06-18 05:00:00',NULL);
INSERT INTO `observances` VALUES (96,10,'2018-06-17 05:00:00',NULL);
INSERT INTO `observances` VALUES (97,11,'2009-07-04 05:00:00',NULL);
INSERT INTO `observances` VALUES (98,11,'2010-07-04 05:00:00',NULL);
INSERT INTO `observances` VALUES (99,11,'2011-07-04 05:00:00',NULL);
INSERT INTO `observances` VALUES (100,11,'2012-07-04 05:00:00',NULL);
INSERT INTO `observances` VALUES (101,11,'2013-07-04 05:00:00',NULL);
INSERT INTO `observances` VALUES (102,11,'2014-07-04 05:00:00',NULL);
INSERT INTO `observances` VALUES (103,11,'2015-07-04 05:00:00',NULL);
INSERT INTO `observances` VALUES (104,11,'2016-07-04 05:00:00',NULL);
INSERT INTO `observances` VALUES (105,11,'2017-07-04 05:00:00',NULL);
INSERT INTO `observances` VALUES (106,11,'2018-07-04 05:00:00',NULL);
INSERT INTO `observances` VALUES (107,11,'2019-07-04 05:00:00',NULL);
INSERT INTO `observances` VALUES (108,11,'2020-07-04 05:00:00',NULL);
INSERT INTO `observances` VALUES (160,13,'2009-09-13 05:00:00',NULL);
INSERT INTO `observances` VALUES (161,13,'2010-09-12 05:00:00',NULL);
INSERT INTO `observances` VALUES (162,13,'2011-09-11 05:00:00',NULL);
INSERT INTO `observances` VALUES (163,13,'2012-09-09 05:00:00',NULL);
INSERT INTO `observances` VALUES (164,13,'2013-09-08 05:00:00',NULL);
INSERT INTO `observances` VALUES (165,13,'2014-09-07 05:00:00',NULL);
INSERT INTO `observances` VALUES (166,13,'2015-09-13 05:00:00',NULL);
INSERT INTO `observances` VALUES (167,13,'2016-09-11 05:00:00',NULL);
INSERT INTO `observances` VALUES (168,13,'2017-09-10 05:00:00',NULL);
INSERT INTO `observances` VALUES (169,13,'2018-09-09 05:00:00',NULL);
INSERT INTO `observances` VALUES (170,14,'2010-02-02 06:00:00',NULL);
INSERT INTO `observances` VALUES (171,14,'2011-02-02 06:00:00',NULL);
INSERT INTO `observances` VALUES (172,14,'2012-02-02 06:00:00',NULL);
INSERT INTO `observances` VALUES (173,14,'2013-02-02 06:00:00',NULL);
INSERT INTO `observances` VALUES (174,14,'2014-02-02 06:00:00',NULL);
INSERT INTO `observances` VALUES (175,14,'2015-02-02 06:00:00',NULL);
INSERT INTO `observances` VALUES (176,14,'2016-02-02 06:00:00',NULL);
INSERT INTO `observances` VALUES (177,14,'2017-02-02 06:00:00',NULL);
INSERT INTO `observances` VALUES (178,14,'2018-02-02 06:00:00',NULL);
INSERT INTO `observances` VALUES (179,14,'2019-02-02 06:00:00',NULL);
INSERT INTO `observances` VALUES (180,15,'2009-10-31 05:00:00',NULL);
INSERT INTO `observances` VALUES (181,15,'2010-10-31 05:00:00',NULL);
INSERT INTO `observances` VALUES (182,15,'2011-10-31 05:00:00',NULL);
INSERT INTO `observances` VALUES (183,15,'2012-10-31 05:00:00',NULL);
INSERT INTO `observances` VALUES (184,15,'2013-10-31 05:00:00',NULL);
INSERT INTO `observances` VALUES (185,15,'2014-10-31 05:00:00',NULL);
INSERT INTO `observances` VALUES (186,15,'2015-10-31 05:00:00',NULL);
INSERT INTO `observances` VALUES (187,15,'2016-10-31 05:00:00',NULL);
INSERT INTO `observances` VALUES (188,15,'2017-10-31 05:00:00',NULL);
INSERT INTO `observances` VALUES (189,15,'2018-10-31 05:00:00',NULL);
INSERT INTO `observances` VALUES (190,16,'2009-12-11 06:00:00','2009-12-19 06:00:00');
INSERT INTO `observances` VALUES (191,16,'2010-12-01 06:00:00','2010-12-09 06:00:00');
INSERT INTO `observances` VALUES (192,16,'2011-12-20 06:00:00','2011-12-28 06:00:00');
INSERT INTO `observances` VALUES (193,16,'2012-12-08 06:00:00','2012-12-16 06:00:00');
INSERT INTO `observances` VALUES (194,16,'2013-11-27 06:00:00','2013-12-05 06:00:00');
INSERT INTO `observances` VALUES (195,16,'2014-12-16 06:00:00','2014-12-24 06:00:00');
INSERT INTO `observances` VALUES (196,16,'2015-12-06 06:00:00','2015-12-14 06:00:00');
INSERT INTO `observances` VALUES (197,16,'2016-12-24 06:00:00','2017-01-01 06:00:00');
INSERT INTO `observances` VALUES (198,16,'2017-12-12 06:00:00','2017-12-20 06:00:00');
INSERT INTO `observances` VALUES (199,16,'2018-12-02 06:00:00','2018-12-10 06:00:00');
INSERT INTO `observances` VALUES (200,16,'2019-12-22 06:00:00','2019-12-30 06:00:00');
INSERT INTO `observances` VALUES (201,17,'2009-09-07 05:00:00',NULL);
INSERT INTO `observances` VALUES (202,17,'2010-09-06 05:00:00',NULL);
INSERT INTO `observances` VALUES (203,17,'2011-09-05 05:00:00',NULL);
INSERT INTO `observances` VALUES (204,17,'2012-09-03 05:00:00',NULL);
INSERT INTO `observances` VALUES (205,17,'2013-09-02 05:00:00',NULL);
INSERT INTO `observances` VALUES (206,17,'2014-09-01 05:00:00',NULL);
INSERT INTO `observances` VALUES (207,17,'2015-09-07 05:00:00',NULL);
INSERT INTO `observances` VALUES (208,17,'2016-09-05 05:00:00',NULL);
INSERT INTO `observances` VALUES (209,17,'2017-09-04 05:00:00',NULL);
INSERT INTO `observances` VALUES (210,17,'2018-09-03 05:00:00',NULL);
INSERT INTO `observances` VALUES (211,18,'2010-02-16 06:00:00',NULL);
INSERT INTO `observances` VALUES (212,18,'2011-03-08 06:00:00',NULL);
INSERT INTO `observances` VALUES (213,18,'2012-02-21 06:00:00',NULL);
INSERT INTO `observances` VALUES (214,18,'2013-02-12 06:00:00',NULL);
INSERT INTO `observances` VALUES (215,18,'2014-03-04 06:00:00',NULL);
INSERT INTO `observances` VALUES (216,18,'2015-02-17 06:00:00',NULL);
INSERT INTO `observances` VALUES (217,18,'2016-02-09 06:00:00',NULL);
INSERT INTO `observances` VALUES (218,18,'2017-02-28 06:00:00',NULL);
INSERT INTO `observances` VALUES (219,18,'2018-02-13 06:00:00',NULL);
INSERT INTO `observances` VALUES (220,18,'2019-04-05 05:00:00',NULL);
INSERT INTO `observances` VALUES (221,19,'2009-05-25 05:00:00',NULL);
INSERT INTO `observances` VALUES (222,19,'2010-05-31 05:00:00',NULL);
INSERT INTO `observances` VALUES (223,19,'2011-05-30 05:00:00',NULL);
INSERT INTO `observances` VALUES (224,19,'2012-05-28 05:00:00',NULL);
INSERT INTO `observances` VALUES (225,19,'2013-05-27 05:00:00',NULL);
INSERT INTO `observances` VALUES (226,19,'2014-05-26 05:00:00',NULL);
INSERT INTO `observances` VALUES (227,19,'2015-05-25 05:00:00',NULL);
INSERT INTO `observances` VALUES (228,19,'2016-05-30 05:00:00',NULL);
INSERT INTO `observances` VALUES (229,19,'2017-05-29 05:00:00',NULL);
INSERT INTO `observances` VALUES (230,19,'2018-05-28 05:00:00',NULL);
INSERT INTO `observances` VALUES (231,20,'2010-01-18 06:00:00',NULL);
INSERT INTO `observances` VALUES (232,20,'2011-01-17 06:00:00',NULL);
INSERT INTO `observances` VALUES (233,20,'2012-01-16 06:00:00',NULL);
INSERT INTO `observances` VALUES (234,20,'2013-01-21 06:00:00',NULL);
INSERT INTO `observances` VALUES (235,20,'2014-01-20 06:00:00',NULL);
INSERT INTO `observances` VALUES (236,20,'2015-01-19 06:00:00',NULL);
INSERT INTO `observances` VALUES (237,20,'2016-01-18 06:00:00',NULL);
INSERT INTO `observances` VALUES (238,20,'2017-01-17 06:00:00',NULL);
INSERT INTO `observances` VALUES (239,20,'2018-01-15 06:00:00',NULL);
INSERT INTO `observances` VALUES (240,20,'2019-01-21 06:00:00',NULL);
INSERT INTO `observances` VALUES (241,21,'2009-05-10 05:00:00',NULL);
INSERT INTO `observances` VALUES (242,21,'2010-05-09 05:00:00',NULL);
INSERT INTO `observances` VALUES (243,21,'2011-05-08 05:00:00',NULL);
INSERT INTO `observances` VALUES (244,21,'2012-05-13 05:00:00',NULL);
INSERT INTO `observances` VALUES (245,21,'2013-05-12 05:00:00',NULL);
INSERT INTO `observances` VALUES (246,21,'2014-05-11 05:00:00',NULL);
INSERT INTO `observances` VALUES (247,21,'2015-05-10 05:00:00',NULL);
INSERT INTO `observances` VALUES (248,21,'2016-05-08 05:00:00',NULL);
INSERT INTO `observances` VALUES (249,21,'2017-05-14 05:00:00',NULL);
INSERT INTO `observances` VALUES (250,21,'2018-05-13 05:00:00',NULL);
INSERT INTO `observances` VALUES (251,22,'2010-01-01 06:00:00',NULL);
INSERT INTO `observances` VALUES (252,22,'2011-01-01 06:00:00',NULL);
INSERT INTO `observances` VALUES (253,22,'2012-01-01 06:00:00',NULL);
INSERT INTO `observances` VALUES (254,22,'2013-01-01 06:00:00',NULL);
INSERT INTO `observances` VALUES (255,22,'2014-01-01 06:00:00',NULL);
INSERT INTO `observances` VALUES (256,22,'2015-01-01 06:00:00',NULL);
INSERT INTO `observances` VALUES (257,22,'2016-01-01 06:00:00',NULL);
INSERT INTO `observances` VALUES (258,22,'2017-01-01 06:00:00',NULL);
INSERT INTO `observances` VALUES (259,22,'2018-01-01 06:00:00',NULL);
INSERT INTO `observances` VALUES (260,22,'2019-01-01 06:00:00',NULL);
INSERT INTO `observances` VALUES (271,24,'2009-05-31 05:00:00',NULL);
INSERT INTO `observances` VALUES (272,24,'2010-05-23 05:00:00',NULL);
INSERT INTO `observances` VALUES (273,24,'2011-06-12 05:00:00',NULL);
INSERT INTO `observances` VALUES (274,24,'2012-05-27 05:00:00',NULL);
INSERT INTO `observances` VALUES (275,24,'2013-05-19 05:00:00',NULL);
INSERT INTO `observances` VALUES (276,24,'2014-06-08 05:00:00',NULL);
INSERT INTO `observances` VALUES (277,24,'2015-05-24 05:00:00',NULL);
INSERT INTO `observances` VALUES (278,24,'2016-05-15 05:00:00',NULL);
INSERT INTO `observances` VALUES (279,24,'2017-06-04 05:00:00',NULL);
INSERT INTO `observances` VALUES (280,24,'2018-05-20 05:00:00',NULL);
INSERT INTO `observances` VALUES (281,25,'2010-02-15 06:00:00',NULL);
INSERT INTO `observances` VALUES (282,25,'2011-02-21 06:00:00',NULL);
INSERT INTO `observances` VALUES (283,25,'2012-02-20 06:00:00',NULL);
INSERT INTO `observances` VALUES (284,25,'2013-02-18 06:00:00',NULL);
INSERT INTO `observances` VALUES (285,25,'2014-02-17 06:00:00',NULL);
INSERT INTO `observances` VALUES (286,25,'2015-02-16 06:00:00',NULL);
INSERT INTO `observances` VALUES (287,25,'2016-02-15 06:00:00',NULL);
INSERT INTO `observances` VALUES (288,25,'2017-02-20 06:00:00',NULL);
INSERT INTO `observances` VALUES (289,25,'2018-02-19 06:00:00',NULL);
INSERT INTO `observances` VALUES (290,25,'2019-02-18 06:00:00',NULL);
INSERT INTO `observances` VALUES (291,26,'2010-09-10 05:00:00','2010-10-08 05:00:00');
INSERT INTO `observances` VALUES (292,26,'2011-07-31 05:00:00','2011-08-28 05:00:00');
INSERT INTO `observances` VALUES (293,26,'2012-07-19 05:00:00','2012-08-16 05:00:00');
INSERT INTO `observances` VALUES (294,26,'2013-07-08 05:00:00','2013-08-05 05:00:00');
INSERT INTO `observances` VALUES (295,26,'2014-06-27 05:00:00','2014-07-25 05:00:00');
INSERT INTO `observances` VALUES (296,26,'2015-06-17 05:00:00','2015-07-15 05:00:00');
INSERT INTO `observances` VALUES (297,26,'2016-06-05 05:00:00','2016-07-03 05:00:00');
INSERT INTO `observances` VALUES (298,26,'2017-05-26 05:00:00','2017-06-23 05:00:00');
INSERT INTO `observances` VALUES (299,27,'2010-09-08 05:00:00',NULL);
INSERT INTO `observances` VALUES (300,27,'2011-09-28 05:00:00',NULL);
INSERT INTO `observances` VALUES (301,27,'2012-09-16 05:00:00',NULL);
INSERT INTO `observances` VALUES (302,27,'2013-09-04 05:00:00',NULL);
INSERT INTO `observances` VALUES (303,27,'2014-09-24 05:00:00',NULL);
INSERT INTO `observances` VALUES (304,27,'2015-09-13 05:00:00',NULL);
INSERT INTO `observances` VALUES (305,27,'2016-10-02 05:00:00',NULL);
INSERT INTO `observances` VALUES (306,27,'2017-09-20 05:00:00',NULL);
INSERT INTO `observances` VALUES (307,28,'2010-01-15 13:07:39',NULL);
INSERT INTO `observances` VALUES (308,28,'2010-07-12 00:34:38',NULL);
INSERT INTO `observances` VALUES (309,28,'2011-01-04 14:51:42',NULL);
INSERT INTO `observances` VALUES (310,28,'2011-06-02 02:17:18',NULL);
INSERT INTO `observances` VALUES (311,28,'2011-07-01 13:39:30',NULL);
INSERT INTO `observances` VALUES (312,28,'2011-11-25 12:21:24',NULL);
INSERT INTO `observances` VALUES (313,28,'2012-05-21 04:53:54',NULL);
INSERT INTO `observances` VALUES (314,28,'2012-11-14 04:12:55',NULL);
INSERT INTO `observances` VALUES (315,28,'2013-05-10 05:26:20',NULL);
INSERT INTO `observances` VALUES (316,28,'2013-11-03 18:47:36',NULL);
INSERT INTO `observances` VALUES (317,28,'2014-04-29 11:04:33',NULL);
INSERT INTO `observances` VALUES (318,28,'2014-10-24 02:45:39',NULL);
INSERT INTO `observances` VALUES (319,28,'2015-03-20 14:46:47',NULL);
INSERT INTO `observances` VALUES (320,28,'2015-09-13 11:55:19',NULL);
INSERT INTO `observances` VALUES (321,28,'2016-03-09 07:58:19',NULL);
INSERT INTO `observances` VALUES (322,28,'2016-09-01 14:08:02',NULL);
INSERT INTO `observances` VALUES (323,28,'2017-02-26 20:54:33',NULL);
INSERT INTO `observances` VALUES (324,28,'2017-07-13 08:02:16',NULL);
INSERT INTO `observances` VALUES (325,28,'2017-08-21 23:26:40',NULL);
INSERT INTO `observances` VALUES (326,28,'2018-02-16 02:52:33',NULL);
INSERT INTO `observances` VALUES (327,28,'2018-08-11 14:47:28',NULL);
INSERT INTO `observances` VALUES (328,29,'2010-03-17 05:00:00',NULL);
INSERT INTO `observances` VALUES (329,29,'2011-03-17 05:00:00',NULL);
INSERT INTO `observances` VALUES (330,29,'2012-03-17 05:00:00',NULL);
INSERT INTO `observances` VALUES (331,29,'2013-03-17 05:00:00',NULL);
INSERT INTO `observances` VALUES (332,29,'2014-03-17 05:00:00',NULL);
INSERT INTO `observances` VALUES (333,29,'2015-03-17 05:00:00',NULL);
INSERT INTO `observances` VALUES (334,29,'2016-03-17 05:00:00',NULL);
INSERT INTO `observances` VALUES (335,29,'2017-03-17 05:00:00',NULL);
INSERT INTO `observances` VALUES (336,29,'2018-03-17 05:00:00',NULL);
INSERT INTO `observances` VALUES (337,29,'2019-03-17 05:00:00',NULL);
INSERT INTO `observances` VALUES (338,30,'2010-06-21 05:00:00',NULL);
INSERT INTO `observances` VALUES (339,30,'2011-06-21 05:00:00',NULL);
INSERT INTO `observances` VALUES (340,30,'2012-06-20 05:00:00',NULL);
INSERT INTO `observances` VALUES (341,30,'2013-06-21 05:00:00',NULL);
INSERT INTO `observances` VALUES (342,30,'2014-06-21 05:00:00',NULL);
INSERT INTO `observances` VALUES (343,30,'2015-06-21 05:00:00',NULL);
INSERT INTO `observances` VALUES (344,30,'2016-06-20 05:00:00',NULL);
INSERT INTO `observances` VALUES (345,30,'2017-06-21 05:00:00',NULL);
INSERT INTO `observances` VALUES (346,31,'2010-02-07 06:00:00',NULL);
INSERT INTO `observances` VALUES (347,31,'2011-02-06 06:00:00',NULL);
INSERT INTO `observances` VALUES (348,31,'2012-02-05 06:00:00',NULL);
INSERT INTO `observances` VALUES (349,31,'2013-02-03 06:00:00',NULL);
INSERT INTO `observances` VALUES (350,32,'2008-11-27 06:00:00',NULL);
INSERT INTO `observances` VALUES (351,32,'2009-11-26 06:00:00',NULL);
INSERT INTO `observances` VALUES (352,32,'2010-11-25 06:00:00',NULL);
INSERT INTO `observances` VALUES (353,32,'2011-11-24 06:00:00',NULL);
INSERT INTO `observances` VALUES (354,32,'2012-11-22 06:00:00',NULL);
INSERT INTO `observances` VALUES (355,32,'2013-11-28 06:00:00',NULL);
INSERT INTO `observances` VALUES (356,32,'2014-11-27 06:00:00',NULL);
INSERT INTO `observances` VALUES (357,32,'2015-11-26 06:00:00',NULL);
INSERT INTO `observances` VALUES (358,32,'2016-11-24 06:00:00',NULL);
INSERT INTO `observances` VALUES (359,32,'2017-11-23 06:00:00',NULL);
INSERT INTO `observances` VALUES (360,32,'2018-11-22 06:00:00',NULL);
INSERT INTO `observances` VALUES (361,33,'2010-02-14 06:00:00',NULL);
INSERT INTO `observances` VALUES (362,33,'2011-02-14 06:00:00',NULL);
INSERT INTO `observances` VALUES (363,33,'2012-02-14 06:00:00',NULL);
INSERT INTO `observances` VALUES (364,33,'2013-02-14 06:00:00',NULL);
INSERT INTO `observances` VALUES (365,33,'2014-02-14 06:00:00',NULL);
INSERT INTO `observances` VALUES (366,33,'2015-02-14 06:00:00',NULL);
INSERT INTO `observances` VALUES (367,33,'2016-02-14 06:00:00',NULL);
INSERT INTO `observances` VALUES (368,33,'2017-02-14 06:00:00',NULL);
INSERT INTO `observances` VALUES (369,33,'2018-02-14 06:00:00',NULL);
INSERT INTO `observances` VALUES (370,33,'2019-02-14 06:00:00',NULL);
INSERT INTO `observances` VALUES (371,34,'2010-03-20 05:00:00',NULL);
INSERT INTO `observances` VALUES (372,34,'2011-03-20 05:00:00',NULL);
INSERT INTO `observances` VALUES (373,34,'2012-03-20 05:00:00',NULL);
INSERT INTO `observances` VALUES (374,34,'2013-03-20 05:00:00',NULL);
INSERT INTO `observances` VALUES (375,34,'2014-03-20 05:00:00',NULL);
INSERT INTO `observances` VALUES (376,34,'2015-03-20 05:00:00',NULL);
INSERT INTO `observances` VALUES (377,34,'2016-03-20 05:00:00',NULL);
INSERT INTO `observances` VALUES (378,34,'2017-03-20 05:00:00',NULL);
INSERT INTO `observances` VALUES (379,35,'2009-11-11 06:00:00',NULL);
INSERT INTO `observances` VALUES (380,35,'2010-11-11 06:00:00',NULL);
INSERT INTO `observances` VALUES (381,35,'2011-11-11 06:00:00',NULL);
INSERT INTO `observances` VALUES (382,35,'2012-11-12 06:00:00',NULL);
INSERT INTO `observances` VALUES (383,35,'2013-11-11 06:00:00',NULL);
INSERT INTO `observances` VALUES (384,35,'2014-11-11 06:00:00',NULL);
INSERT INTO `observances` VALUES (385,35,'2015-11-11 06:00:00',NULL);
INSERT INTO `observances` VALUES (386,35,'2016-11-11 06:00:00',NULL);
INSERT INTO `observances` VALUES (387,35,'2017-11-10 06:00:00',NULL);
INSERT INTO `observances` VALUES (388,35,'2018-11-12 06:00:00',NULL);
INSERT INTO `observances` VALUES (389,35,'2019-11-11 06:00:00',NULL);
INSERT INTO `observances` VALUES (390,36,'2009-12-21 06:00:00',NULL);
INSERT INTO `observances` VALUES (391,36,'2010-12-21 06:00:00',NULL);
INSERT INTO `observances` VALUES (392,36,'2011-12-22 06:00:00',NULL);
INSERT INTO `observances` VALUES (393,36,'2012-12-21 06:00:00',NULL);
INSERT INTO `observances` VALUES (394,36,'2013-12-21 06:00:00',NULL);
INSERT INTO `observances` VALUES (395,36,'2014-12-21 06:00:00',NULL);
INSERT INTO `observances` VALUES (396,36,'2015-12-22 06:00:00',NULL);
INSERT INTO `observances` VALUES (397,36,'2016-12-21 06:00:00',NULL);
INSERT INTO `observances` VALUES (398,36,'2017-12-21 06:00:00',NULL);
INSERT INTO `observances` VALUES (399,37,'2009-09-27 05:00:00',NULL);
INSERT INTO `observances` VALUES (400,37,'2010-09-17 05:00:00',NULL);
INSERT INTO `observances` VALUES (401,37,'2011-10-07 05:00:00',NULL);
INSERT INTO `observances` VALUES (402,37,'2012-09-25 05:00:00',NULL);
INSERT INTO `observances` VALUES (403,37,'2013-09-13 05:00:00',NULL);
INSERT INTO `observances` VALUES (404,37,'2014-10-03 05:00:00',NULL);
INSERT INTO `observances` VALUES (405,37,'2015-09-22 05:00:00',NULL);
INSERT INTO `observances` VALUES (406,37,'2016-10-11 05:00:00',NULL);
INSERT INTO `observances` VALUES (407,37,'2017-09-29 05:00:00',NULL);
INSERT INTO `observances` VALUES (408,38,'2011-04-22 05:00:00',NULL);
INSERT INTO `observances` VALUES (409,38,'2012-04-22 05:00:00',NULL);
INSERT INTO `observances` VALUES (410,38,'2013-04-22 05:00:00',NULL);
INSERT INTO `observances` VALUES (411,38,'2014-04-22 05:00:00',NULL);
INSERT INTO `observances` VALUES (412,38,'2015-04-22 05:00:00',NULL);
INSERT INTO `observances` VALUES (413,38,'2016-04-22 05:00:00',NULL);
INSERT INTO `observances` VALUES (414,38,'2017-04-22 05:00:00',NULL);
INSERT INTO `observances` VALUES (415,38,'2018-04-22 05:00:00',NULL);
INSERT INTO `observances` VALUES (416,38,'2019-04-22 05:00:00',NULL);
INSERT INTO `observances` VALUES (417,38,'2020-04-22 05:00:00',NULL);
INSERT INTO `observances` VALUES (418,39,'2011-04-01 05:00:00',NULL);
INSERT INTO `observances` VALUES (419,39,'2012-04-01 05:00:00',NULL);
INSERT INTO `observances` VALUES (420,39,'2013-04-01 05:00:00',NULL);
INSERT INTO `observances` VALUES (421,39,'2014-04-01 05:00:00',NULL);
INSERT INTO `observances` VALUES (422,39,'2015-04-01 05:00:00',NULL);
INSERT INTO `observances` VALUES (423,39,'2016-04-01 05:00:00',NULL);
INSERT INTO `observances` VALUES (424,39,'2017-04-01 05:00:00',NULL);
INSERT INTO `observances` VALUES (425,39,'2018-04-01 05:00:00',NULL);
INSERT INTO `observances` VALUES (426,39,'2019-04-01 05:00:00',NULL);
INSERT INTO `observances` VALUES (427,39,'2020-04-01 05:00:00',NULL);
INSERT INTO `observances` VALUES (428,40,'2011-06-14 05:00:00',NULL);
INSERT INTO `observances` VALUES (429,40,'2012-06-14 05:00:00',NULL);
INSERT INTO `observances` VALUES (430,40,'2013-06-14 05:00:00',NULL);
INSERT INTO `observances` VALUES (431,40,'2014-06-14 05:00:00',NULL);
INSERT INTO `observances` VALUES (432,40,'2015-06-14 05:00:00',NULL);
INSERT INTO `observances` VALUES (433,40,'2016-06-14 05:00:00',NULL);
INSERT INTO `observances` VALUES (434,40,'2017-06-14 05:00:00',NULL);
INSERT INTO `observances` VALUES (435,40,'2018-06-14 05:00:00',NULL);
INSERT INTO `observances` VALUES (436,40,'2019-06-14 05:00:00',NULL);
INSERT INTO `observances` VALUES (437,40,'2020-06-14 05:00:00',NULL);
INSERT INTO `observances` VALUES (438,41,'2012-02-29 06:00:00',NULL);
INSERT INTO `observances` VALUES (439,41,'2016-02-29 06:00:00',NULL);
INSERT INTO `observances` VALUES (440,41,'2020-02-29 06:00:00',NULL);
INSERT INTO `observances` VALUES (441,41,'2024-02-29 06:00:00',NULL);
INSERT INTO `observances` VALUES (442,9,'2009-11-03 06:00:00',NULL);
INSERT INTO `observances` VALUES (443,9,'2011-11-08 06:00:00',NULL);
INSERT INTO `observances` VALUES (444,9,'2013-11-05 06:00:00',NULL);
INSERT INTO `observances` VALUES (445,9,'2015-11-03 06:00:00',NULL);
INSERT INTO `observances` VALUES (446,9,'2017-11-07 06:00:00',NULL);
INSERT INTO `observances` VALUES (447,9,'2019-11-05 06:00:00',NULL);
INSERT INTO `observances` VALUES (448,42,'2011-09-17 05:00:00',NULL);
INSERT INTO `observances` VALUES (449,42,'2012-09-17 05:00:00',NULL);
INSERT INTO `observances` VALUES (450,42,'2013-09-17 05:00:00',NULL);
INSERT INTO `observances` VALUES (451,42,'2014-09-17 05:00:00',NULL);
INSERT INTO `observances` VALUES (452,42,'2015-09-17 05:00:00',NULL);
INSERT INTO `observances` VALUES (453,42,'2016-09-17 05:00:00',NULL);
INSERT INTO `observances` VALUES (454,42,'2017-09-17 05:00:00',NULL);
INSERT INTO `observances` VALUES (455,42,'2018-09-17 05:00:00',NULL);
INSERT INTO `observances` VALUES (456,42,'2019-09-17 05:00:00',NULL);
INSERT INTO `observances` VALUES (457,43,'2011-12-10 06:00:00',NULL);
INSERT INTO `observances` VALUES (458,43,'2012-06-04 05:00:00',NULL);
INSERT INTO `observances` VALUES (459,43,'2012-11-28 06:00:00',NULL);
INSERT INTO `observances` VALUES (460,43,'2013-04-25 05:00:00',NULL);
INSERT INTO `observances` VALUES (461,43,'2013-05-25 05:00:00',NULL);
INSERT INTO `observances` VALUES (462,43,'2013-10-18 05:00:00',NULL);
INSERT INTO `observances` VALUES (463,43,'2014-04-15 05:00:00',NULL);
INSERT INTO `observances` VALUES (464,43,'2014-10-08 05:00:00',NULL);
INSERT INTO `observances` VALUES (465,43,'2015-04-04 05:00:00',NULL);
INSERT INTO `observances` VALUES (466,43,'2015-09-28 05:00:00',NULL);
INSERT INTO `observances` VALUES (467,43,'2010-12-21 06:00:00',NULL);
INSERT INTO `observances` VALUES (530,31,'2014-02-02 06:00:00',NULL);
INSERT INTO `observances` VALUES (531,31,'2013-02-03 06:00:00',NULL);
/*!40000 ALTER TABLE `observances` ENABLE KEYS */;
UNLOCK TABLES;

--
-- Table structure for table `schema_migrations`
--

DROP TABLE IF EXISTS `schema_migrations`;
SET @saved_cs_client     = @@character_set_client;
SET character_set_client = utf8;
CREATE TABLE `schema_migrations` (
  `version` varchar(255) NOT NULL,
  UNIQUE KEY `unique_schema_migrations` (`version`)
) ENGINE=MyISAM DEFAULT CHARSET=utf8;
SET character_set_client = @saved_cs_client;

--
-- Dumping data for table `schema_migrations`
--

LOCK TABLES `schema_migrations` WRITE;
/*!40000 ALTER TABLE `schema_migrations` DISABLE KEYS */;
INSERT INTO `schema_migrations` VALUES ('20100208143356');
INSERT INTO `schema_migrations` VALUES ('20100208173539');
INSERT INTO `schema_migrations` VALUES ('20100209185020');
INSERT INTO `schema_migrations` VALUES ('20100822153457');
INSERT INTO `schema_migrations` VALUES ('20100822155916');
INSERT INTO `schema_migrations` VALUES ('20101112235512');
INSERT INTO `schema_migrations` VALUES ('20101113020951');
INSERT INTO `schema_migrations` VALUES ('20101114194203');
INSERT INTO `schema_migrations` VALUES ('20101114194504');
INSERT INTO `schema_migrations` VALUES ('20101114195507');
/*!40000 ALTER TABLE `schema_migrations` ENABLE KEYS */;
UNLOCK TABLES;
/*!40103 SET TIME_ZONE=@OLD_TIME_ZONE */;

/*!40101 SET SQL_MODE=@OLD_SQL_MODE */;
/*!40014 SET FOREIGN_KEY_CHECKS=@OLD_FOREIGN_KEY_CHECKS */;
/*!40014 SET UNIQUE_CHECKS=@OLD_UNIQUE_CHECKS */;
/*!40101 SET CHARACTER_SET_CLIENT=@OLD_CHARACTER_SET_CLIENT */;
/*!40101 SET CHARACTER_SET_RESULTS=@OLD_CHARACTER_SET_RESULTS */;
/*!40101 SET COLLATION_CONNECTION=@OLD_COLLATION_CONNECTION */;
/*!40111 SET SQL_NOTES=@OLD_SQL_NOTES */;

-- Dump completed on 2013-04-08 11:26:51
